{
    "tables": {
        "category": {
            "tableName": "category",
            "schema": {
                "category_id": {
                    "allowNull": false,
                    "primaryKey": true,
                    "field": "category_id",
                    "seqType": "Sequelize.INTEGER.UNSIGNED"
                },
                "default_price": {
                    "allowNull": true,
                    "field": "default_price",
                    "seqType": "Sequelize.DECIMAL"
                },
                "name": {
                    "allowNull": false,
                    "field": "name",
                    "seqType": "Sequelize.STRING(25)"
                },
                "last_update": {
                    "allowNull": false,
                    "defaultValue": {
                        "internal": true,
                        "value": "Sequelize.Literal"
                    },
                    "field": "last_update",
                    "seqType": "Sequelize.DATE"
                },
                "createdAt": {
                    "allowNull": false,
                    "field": "createdAt",
                    "seqType": "Sequelize.DATE"
                },
                "updatedAt": {
                    "allowNull": false,
                    "field": "updatedAt",
                    "seqType": "Sequelize.DATE"
                }
            },
            "indexes": []
        }
    },
    "revision": 2
}